"Gene-ID Allele","YRI","ESN","GWD","MSL","ZULU","LWK","BAG","ETH","Cont. AFR","AMR","EAS","EUR","SAS","p value","*"
"DPYD-rs3918290-T",0,0,0,0,0,0,0,0,0,0,0,0,0.01,0,"*"
"DPYD-rs115232898-C",0.04167,0.0101,0.0382,0.01765,0.03,0.0152,0.02,0,0.0216,0.00001,0,0,0,0,"*"
"DPYD-rs2297595-C",0.009,0.005,0.026,0.011,0.115,0.101,0.065,0.07,0.05,0.063,0.018,0.119,0.061,"2x10^-10","**"
"DPYD-rs61622928-T",0.09722,0.06566,0.1106,0.07647,0.075,0.05556,0.125,0.1083,0.09,0.004,0,0,0,0.163,"*"
"DPYD-rs12022243-T",0.2037,0.1414,0.1504,0.1176,0.115,0.202,0.16,0.1958,0.163,0.137,0.22,0.199,0.406,0.058,"**"
"DPYD-rs1801265-G",0.4352,0.4293,0.4646,0.3941,0.385,0.5,0.48,0.3375,0.427,0.225,0.086,0.215,0.266,0.012,"*"
